popularity,vote_count,video,poster_path,id,adult,backdrop_path,original_language,original_title,genre_ids,title,vote_average,overview,release_date
9.357,270,false,/9eVhJgbvAuUuQlBAQtqYQp6j7AR.jpg,26451,false,/tJaeWoH1UJPyeIU2yd9YJgeghFC.jpg,it,Indagine su un cittadino al di sopra di ogni sospetto,18,Investigation of a Citizen Above Suspicion,8.4,A chief of detectives, homicide section, kills his mistress and deliberately leaves clues to prove his own responsibility for the crime.,24-03-0019
21.059,4066,false,/mNqZOtJIQfFQPjo3hmYLIn8Qqhf.jpg,128,false,/aZZCMHAoQcCXaAgbDkSD6JcFL9f.jpg,ja,?????,12,Princess Mononoke,8.3,Ashitaka, a prince of the disappearing Emishi people, is cursed by a demonized boar god and must journey to the west to find a cure. Along the way, he encounters San, a young human woman fighting to protect the forest, and Lady Eboshi, who is trying to destroy it. Ashitaka must find a way to bring balance to this conflict.,18-12-0017
13.5,833,false,/cjAnlvCrp9ZY7atASUsxRrhve7o.jpg,797,false,/hqFN0gOmeXKmKP266CSjbHt9y05.jpg,sv,Persona,18,Persona,8.3,A young nurse, Alma, is put in charge of Elisabeth Vogler: an actress who is seemingly healthy in all respects, but will not talk. As they spend time together, Alma speaks to Elisabeth constantly, never receiving any answer. Alma eventually confesses her secrets to a seemingly sympathetic Elisabeth and finds that her own personality is being submerged into Elisabeth's persona.,17-02-0024
7.994,245,false,/fWi5OVdODBYsNXZTmVbvV1ROMhl.jpg,11659,false,/3VZH3Lw7mDjXjAYme3XYwujFMZX.jpg,it,La meglio gioventú,18,The Best of Youth,8.3,Spanning four decades, from the chaotic 1960s to the present, director Marco Tullio Giordana's passionate epic 'La Meglio Gioventu' follows two Italian brothers through some of the most tumultuous events of recent Italian history.,24-11-0027
13.358,1234,false,/wss1PkvHD2cYH6lu5mSa2MgGoi.jpg,10376,false,/g95aipBRguk1lFwpAU7FJ4Z9cws.jpg,it,La leggenda del pianista sull'oceano,18,The Legend of 1900,8.3,The story of a virtuoso piano player who lives his entire life aboard an ocean liner. Born and raised on the ship, 1900 (Tim Roth) learned about the outside world through interactions with passengers, never setting foot on land, even for the love of his life. Years later, the ship may be destroyed, and a former band member fears that 1900 may still be aboard, willing to go down with the ship.,21-03-0034
8.372,347,false,/2n6BSqurUOVBlsigtGAfedBzn53.jpg,20914,false,/fWzP4LZLTVVLxF0CXMgKld7u9Li.jpg,it,Amici miei,35,My Friends,8.3,Like in many other Monicelli movies, the main theme of Amici miei is friendship, seen from a rather bitter point of view. It tells the story of four middle-aged friends in Florence who organize together idle pranks (called zingarate, "gypsy shenanigans") in a continuous attempt to prolong childhood during their adult life.,27-10-0011
17.04,6361,false,/3Ri2GReavqSHqWemlP6HYn8i2P9.jpg,207,false,/34DzJKMrzgc3EO1Dnbp6mkpbCZm.jpg,en,Dead Poets Society,18,Dead Poets Society,8.3,At an elite, old-fashioned boarding school in New England, a passionate English teacher inspires his students to rebel against convention and seize the potential of every day, courting the disdain of the stern headmaster.,10-11-0007
13.776,1532,false,/tpoaLlY0ZdVGDLToVwkGdWxLHRe.jpg,265177,false,/ktUKyHQwjY64JJPVbf51bVML9Qn.jpg,en,Mommy,18,Mommy,8.3,A peculiar neighbor offers hope to a recent widow who is struggling to raise a teenager who is unpredictable and, sometimes, violent.,04-11-0027
9.44,327,false,/2Fb8neVxZtCIXwbJ9DOk6Ra29mV.jpg,452522,false,/144EasyUFWvzA26CWxcUlHXuMDr.jpg,en,Twin Peaks,18,Twin Peaks,8.3,An idiosyncratic FBI agent investigates the murder of a young woman in the even more idiosyncratic town of Twin Peaks. (This standalone version of the series pilot was produced for the European VHS market and has an alternate, closed ending.),11-05-0037
20.063,3201,false,/oXbT7vlLmZ76kWoHe5XJYuyJUgp.jpg,567,false,/8hknli2ljweYPkdEgl33vtJBf2U.jpg,en,Rear Window,18,Rear Window,8.3,Professional photographer L.B. 'Jeff' Jeffries breaks his leg while getting an action shot at an auto race. Confined to his New York apartment, he spends his time looking out of the rear window observing the neighbors. When he begins to suspect that a man across the courtyard may have murdered his wife, Jeff enlists the help of his high society fashion-consultant girlfriend and his visiting nurse to investigate.,06-12-0006
11.284,394,false,/g2YbTYKpY7N2yDSk7BfXZ18I5QV.jpg,18148,false,/jLq0ol1f0ZKXni9R9GsPBcyPrNN.jpg,ja,????,18,Tokyo Story,8.3,The elderly Shukishi and his wife, Tomi, take the long journey from their small seaside village to visit their adult children in Tokyo. Their elder son, Koichi, a doctor, and their daughter, Shige, a hairdresser, don't have much time to spend with their aged parents, and so it falls to Noriko, the widow of their younger son who was killed in the war, to keep her in-laws company.,06-03-0009
13.45,1297,false,/6lMXjI1O1N7XyZEjqIo5wkbrgxg.jpg,975,false,/vSDl3hqsxxNaj0tE5ZLsTQeL0dS.jpg,en,Paths of Glory,18,Paths of Glory,8.3,A commanding officer defends three scapegoats on trial for a failed offensive that occurred within the French Army in 1916.,09-01-0024
15.33,497,false,/mFnfTVADj8yOxwzprYOmTPselk8.jpg,517814,false,/8e0ETQmrgcP6R8TaVjd7o9NCGj9.jpg,ar,????????,18,Capernaum,8.3,Zain, a 12-year-old boy scrambling to survive on the streets of Beirut, sues his parents for having brought him into such an unjust world, where being a refugee with no documents means that your rights can easily be denied.,09-04-0012
9.077,291,false,/5konZnIbcAxZjP616Cz5o9bKEfW.jpg,14537,false,/pz9fxHyGiiNLZ21bccAtwrMAH7f.jpg,ja,??,28,Harakiri,8.3,Aging samurai Hanshiro Tsugumo arrives at the home of Kageyu Saito and asks to commit a ritual suicide on the property, which Saito thinks is a ploy to gain pity and a job. Saito tells Tsugumo of another samurai, Motome Chijiiwa, who threatened suicide as a stratagem, only to be forced to follow through on the task. When Tsugumo reveals that Chijiiwa was his son-in-law, the disclosure sets off a fierce conflict.,13-01-0021
22.704,4487,false,/hfMeo073RxKKjZZV4gSGema1yog.jpg,423,false,/xUR95VFV1UTyzS1C8Lj06hi2n2M.jpg,en,The Pianist,18,The Pianist,8.3,The true story of pianist Wladyslaw Szpilman's experiences in Warsaw during the Nazi occupation. When the Jews of the city find themselves forced into a ghetto, Szpilman finds work playing in a café; and when his family is deported in 1942, he stays behind, works for a while as a laborer, and eventually goes into hiding in the ruins of the war-torn city.,23-02-0023
13.658,567,false,/heY0CCUqN4DY3X30thssZkvWZwx.jpg,37257,false,/kazLzEofKKr7pBcvKw6VRtFnXRJ.jpg,en,Witness for the Prosecution,80,Witness for the Prosecution,8.3,When Leonard Vole is arrested for the sensational murder of a rich, middle-aged widow, the famous Sir Wilfrid Robarts agrees to appear on his behalf. Sir Wilfrid, recovering from a near-fatal heart attack, is supposed to be on a diet of bland, civil suits?but the lure of the criminal courts is too much for him, especially when the case is so difficult.,10-04-0023
9.741,305,false,/910xRIUmNJrWH2hkQifBJtoPp5R.jpg,895,false,/8iIVnCOTn3QcVicgnrcLrnm3JBS.jpg,ru,?????? ??????,18,Andrei Rublev,8.3,An expansive Russian drama, this film focuses on the life of revered religious icon painter Andrei Rublev. Drifting from place to place in a tumultuous era, the peace-seeking monk eventually gains a reputation for his art. But after Rublev witnesses a brutal battle and unintentionally becomes involved, he takes a vow of silence and spends time away from his work. As he begins to ease his troubled soul, he takes steps towards becoming a painter once again.,19-04-0022
49.399,10294,false,/or06FN3Dka5tukK1e9sl16pB3iy.jpg,299534,false,/7RyHsO4yDXtBv1zUU3mTpHeQ0d5.jpg,en,Avengers: Endgame,28,Avengers: Endgame,8.3,After the devastating events of Avengers: Infinity War, the universe is in ruins due to the efforts of the Mad Titan, Thanos. With the help of remaining allies, the Avengers must assemble once more in order to undo Thanos' actions and restore order to the universe once and for all, no matter what consequences may be in store.,10-10-0029
51.232,15531,false,/56zTpe2xvaA4alU51sRWPoKPYZy.jpg,120,false,/pIUvQ9Ed35wlWhY2oU6OmwEsmzG.jpg,en,The Lord of the Rings: The Fellowship of the Ring,28,The Lord of the Rings: The Fellowship of the Ring,8.3,Young hobbit Frodo Baggins, after inheriting a mysterious ring from his uncle Bilbo, must leave his home in order to keep it from falling into the hands of its evil creator. Along the way, a fellowship is formed to protect the ringbearer and make sure that the ring arrives at its final destination: Mt. Doom, the only place where it can be destroyed.,23-05-0024
29.453,8427,false,/gE8S02QUOhVnAmYu4tcrBlMTujz.jpg,101,false,/dXQ7HILRK1Tg33RT64JwbQI7Osh.jpg,fr,Léon,28,Léon: The Professional,8.3,Léon, the top hit man in New York, has earned a rep as an effective "cleaner". But when his next-door neighbors are wiped out by a loose-cannon DEA agent, he becomes the unwilling custodian of 12-year-old Mathilda. Before long, Mathilda's thoughts turn to revenge, and she considers following in Léon's footsteps.,15-02-0020
22.088,4431,false,/wfPHdfofBD5PN96dV96a51B3Ja2.jpg,429,false,/xGC2fY5KFmtuXnsuQwYQKFOLZFy.jpg,it,Il buono, il brutto, il cattivo,37,The Good, the Bad and the Ugly,8.4,While the Civil War rages between the Union and the Confederacy, three men ? a quiet loner, a ruthless hit man and a Mexican bandit ? comb the American Southwest in search of a strongbox containing $200,000 in stolen gold.,18-04-0029
20.306,5982,false,/2Sns5oMb356JNdBHgBETjIpRYy9.jpg,510,false,/mtJrV7i76PtXJMmWz3tu6dWav6n.jpg,en,One Flew Over the Cuckoo's Nest,18,One Flew Over the Cuckoo's Nest,8.4,While serving time for insanity at a state mental hospital, implacable rabble-rouser, Randle Patrick McMurphy, inspires his fellow patients to rebel against the authoritarian rule of head nurse, Mildred Ratched.,28-03-0024
19.025,1624,false,/v6xrz4fr92KY1oNC3HsEvrsvR1n.jpg,346,false,/61vLiK96sbXeHpQiMxI4CuqBA3z.jpg,ja,????,28,Seven Samurai,8.4,A samurai answers a village's request for protection after he falls on hard times. The town needs protection from bandits, so the samurai gathers six others to help him teach the people how to defend themselves, and the villagers provide the soldiers with food. A giant battle occurs when 40 bandits attack the village.,06-08-0031
22.31,4120,false,/3W0v956XxSG5xgm7LB6qu8ExYJ2.jpg,389,false,/lH2Ga8OzjU1XlxJ73shOlPx6cRw.jpg,en,12 Angry Men,18,12 Angry Men,8.4,The defense and the prosecution have rested and the jury is filing into the jury room to decide if a young Spanish-American is guilty or innocent of murdering his father. What begins as an open and shut case soon becomes a mini-drama of each of the jurors' prejudices and preconceptions about the trial, the accused, and each other.,09-07-0030
7.57,507,false,/uHEmM49YphluJnGep8Ef1qwD2QX.jpg,40096,false,/alQqTpmEkxSLgajfEYTsTH6nAKB.jpg,pt,O Auto da Compadecida,12,A Dog's Will,8.4,The lively João Grilo and the sly Chicó are poor guys living in the hinterland who cheat a bunch of people in a small Northeast Brazil town. But when they die, they have to be judged by Christ, the Devil and the Virgin Mary, before they are admitted to paradise.,20-02-0021
225.59,5952,false,/udDclJoHjfjb8Ekgsd4FDteOkCU.jpg,475557,false,/n6bUvigpRFqSwmPp1m2YADdbRBc.jpg,en,Joker,80,Joker,8.4,During the 1980s, a failed stand-up comedian is driven insane and turns to a life of crime and chaos in Gotham City while becoming an infamous psychopathic crime figure.,10-04-0008
15.698,1946,false,/hYzCLju3W74nLhhRXfPkwDi1Tun.jpg,11216,false,/tVi83ttAeyMJinYpy6xfgJSpzvP.jpg,it,Nuovo Cinema Paradiso,18,Cinema Paradiso,8.4,A filmmaker recalls his childhood, when he fell in love with the movies at his village's theater and formed a deep friendship with the theater's projectionist.,11-04-0023
12.641,969,false,/bXNvzjULc9jrOVhGfjcc64uKZmZ.jpg,901,false,/vT6ux2rdyg2kexuLisO5Ygz7pHg.jpg,en,City Lights,35,City Lights,8.4,City Lights is the first silent film that Charlie Chaplin directed after he established himself with sound accompanied films. The film is about a penniless man who falls in love with a flower girl.,16-05-0006
14.917,3659,false,/4YEX7qUfg6kN2tHm84CMt2CEq9n.jpg,598,false,/k4BAPrE5WkNLvpsPsiMfu8W4Zyi.jpg,pt,Cidade de Deus,80,City of God,8.4,Cidade de Deus is a shantytown that started during the 1960s and became one of Rio de Janeiro?s most dangerous places in the beginning of the 1980s. To tell the story of this place, the movie describes the life of various characters, all seen by the point of view of the narrator, Buscapé. Buscapé was raised in a very violent environment. Despite the feeling that all odds were against him, he finds out that life can be seen with other eyes...,26-07-0010
32.298,8608,false,/lIv1QinFqz4dlp5U4lQ6HaiskOZ.jpg,244786,false,/6bbZ6XyvgfjhQwbplnUh1LSj1ky.jpg,en,Whiplash,18,Whiplash,8.4,Under the direction of a ruthless instructor, a talented young drummer begins to pursue perfection at any cost, even his humanity.,05-04-0016
10.858,429,false,/dgNTS4EQDDVfkzJI5msKuHu2Ei3.jpg,3782,false,/j0zrfpozbek9OeapYYS9w8ECFn5.jpg,ja,???,18,Ikiru,8.4,Mr. Watanabe suddenly finds that he has terminal cancer. He vows to make his final days meaningful. His attempts to communicate his anguish to his son and daughter-in-law lead only to heartbreak. Finally, inspired by an unselfish co-worker, he turns his efforts to bringing happiness to others by building a playground in a dreary slum neighborhood. When the park is finally completed, he is able to face death with peaceful acceptance.,03-02-0015
11.073,424,false,/5JYzfyKBwReaQ41WFhqXgOZnPWV.jpg,18491,false,/AfyuI3glMCBDFmNPj9PY6DwbgGp.jpg,ja,?????????????? THE END OF EVANGELION,18,Neon Genesis Evangelion: The End of Evangelion,8.4,The second of two theatrically released follow-ups to the Neon Genesis Evangelion series. Comprising of two alternate episodes which were first intended to take the place of episodes 25 and 26, this finale answers many of the questions surrounding the series, while also opening up some new possibilities.,17-12-0024
17.948,1164,false,/oFwzvRgfxJc0FUr2mwYTi10dk3G.jpg,599,false,/u44VbUuoP6OZYEBv2DRd7ShPTMp.jpg,en,Sunset Boulevard,18,Sunset Boulevard,8.4,A hack screenwriter writes a screenplay for a former silent film star who has faded into Hollywood obscurity.,02-12-0015
8.877,735,false,/ySiqbi1sW7imVYbtECZS0xQ3Hmj.jpg,432517,false,/3nXbWFPFGvjSE5bw8G6bBLVIzow.jpg,en,Sherlock: The Final Problem,18,Sherlock: The Final Problem,8.4,Long buried secrets finally come to light as someone has been playing a very long game indeed. Sherlock and John face their greatest ever challenge. Is the game finally over?,09-07-0020
14.172,1635,false,/hK2KsU0lNiYRqIrYJcC3x63dPnH.jpg,914,false,/qkpsvso2neEr7v6YnyMoZtm6R9F.jpg,en,The Great Dictator,35,The Great Dictator,8.4,Dictator Adenoid Hynkel tries to expand his empire while a poor Jewish barber tries to avoid persecution from Hynkel's regime.,21-01-0021
24.808,4318,false,/iMarB2ior30OAXjPa7QIdeyUfM1.jpg,4935,false,/cGyqa5PxiWSsG7NSw3ufCj0JW9k.jpg,ja,???????,12,Howl's Moving Castle,8.4,When Sophie, a shy young woman, is cursed with an old body by a spiteful witch, her only chance of breaking the spell lies with a self-indulgent yet insecure young wizard and his companions in his legged, walking castle.,26-04-0025
0.6,2226,false,/wcNkHDbyc290hcWk7KXbBZUuXpq.jpg,12477,false,/8YUOPp10K8qX3yGBR123ZMtAXQd.jpg,ja,?????,16,Grave of the Fireflies,8.4,In the final months of World War II, 14-year-old Seita and his sister Setsuko are orphaned when their mother is killed during an air raid in Kobe, Japan. After a falling out with their aunt, they move into an abandoned bomb shelter. With no surviving relatives and their emergency rations depleted, Seita and Setsuko struggle to survive.,09-09-0021
23.511,6491,false,/fXepRAYOx1qC3wju7XdDGx60775.jpg,73,false,/i9A0UMFg1hI2kLyCCwnmSbpT2cd.jpg,en,American History X,18,American History X,8.4,Derek Vineyard is paroled after serving 3 years in prison for killing two thugs who tried to break into/steal his truck. Through his brother, Danny Vineyard's narration, we learn that before going to prison, Derek was a skinhead and the leader of a violent white supremacist gang that committed acts of racial crime throughout L.A. and his actions greatly influenced Danny. Reformed and fresh out of prison, Derek severs contact with the gang and becomes determined to keep Danny from going down the same violent path as he did.,20-03-0036
24.063,10455,false,/6u1fYtxG5eqjhtCPDx04pJphQRW.jpg,1891,false,/amYkOxCwHiVTFKendcIW0rSrRlU.jpg,en,The Empire Strikes Back,28,The Empire Strikes Back,8.4,The epic saga continues as Luke Skywalker, in hopes of defeating the evil Galactic Empire, learns the ways of the Jedi from aging master Yoda. But Darth Vader is more determined than ever to capture Luke. Meanwhile, rebel leader Princess Leia, cocky Han Solo, Chewbacca, and droids C-3PO and R2-D2 are thrown into various stages of capture, betrayal and despair.,01-10-0025
9.395,525,false,/lQy2QVcacuH55k37K9Ox0gw3YpZ.jpg,313106,false,/8bxjRFqFztBoXdVEx6q2u66a0s1.jpg,en,Doctor Who: The Day of the Doctor,12,Doctor Who: The Day of the Doctor,8.4,In 2013, something terrible is awakening in London's National Gallery; in 1562, a murderous plot is afoot in Elizabethan England; and somewhere in space an ancient battle reaches its devastating conclusion. All of reality is at stake as the Doctor's own dangerous past comes back to haunt him.,05-05-0029
22.581,2158,false,/2CAL2433ZeIihfX1Hb2139CX0pW.jpg,19404,false,/pVGzV02qmHVoKx9ehBNy7m2u5fs.jpg,hi,??????? ????????? ?? ???????,35,Dilwale Dulhania Le Jayenge,8.9,Raj is a rich, carefree, happy-go-lucky second generation NRI. Simran is the daughter of Chaudhary Baldev Singh, who in spite of being an NRI is very strict about adherence to Indian values. Simran has left for India to be married to her childhood fiancé. Raj leaves for India with a mission at his hands, to claim his lady love under the noses of her whole family. Thus begins a saga.,18-03-0026
38.722,14306,false,/9O7gLzmreU0nGkIB6K3BsJbzvNv.jpg,278,false,/j9XKiZrVeViAixVRzCta7h1VU9W.jpg,en,The Shawshank Redemption,80,The Shawshank Redemption,8.7,Framed in the 1940s for the double murder of his wife and her lover, upstanding banker Andy Dufresne begins a new life at the Shawshank prison, where he puts his accounting skills to work for an amoral warden. During his long stretch in prison, Dufresne comes to be admired by the other inmates -- including an older prisoner named Red -- for his integrity and unquenchable sense of hope.,14-02-0029
40.127,10950,false,/rPdtLWNsZmAtoZl9PK7S2wE3qiS.jpg,238,false,/6xKCYgH16UuwEGAyroLU6p8HLIn.jpg,en,The Godfather,80,The Godfather,8.6,Spanning the years 1945 to 1955, a chronicle of the fictional Italian-American Corleone crime family. When organized crime family patriarch, Vito Corleone barely survives an attempt on his life, his youngest son, Michael steps in to take care of the would-be killers, launching a campaign of bloody revenge.,24-07-0019
28.059,8757,false,/yPisjyLweCl1tbgwgtzBCNCBle.jpg,424,false,/cTNYRUTXkBgPH3wP3kmPUB5U6dA.jpg,en,Schindler's List,18,Schindler's List,8.6,The true story of how businessman Oskar Schindler saved over a thousand Jewish lives from the Nazis while they worked as slaves in his factory during World War II.,15-04-0036
58.024,1458,false,/7IiTTgloJzvGI1TAYymCfbfl3vT.jpg,496243,false,/TU9NIjwzjoKPwQHoHshkFcQUCG.jpg,ko,???,35,Parasite,8.5,All unemployed, Ki-taek's family takes peculiar interest in the wealthy and glamorous Parks for their livelihood until they get entangled in an unexpected incident.,09-11-0035
23.962,4688,false,/xq1Ugd62d23K2knRUx6xxuALTZB.jpg,372058,false,/7OMAfDJikBxItZBIug0NJig5DHD.jpg,ja,?????,16,Your Name.,8.5,High schoolers Mitsuha and Taki are complete strangers living separate lives. But one night, they suddenly switch places. Mitsuha wakes up in Taki?s body, and he in hers. This bizarre occurrence continues to happen randomly, and the two must adjust their lives around each other.,06-02-0032
25.477,6438,false,/bVq65huQ8vHDd1a4Z37QtuyEvpA.jpg,240,false,/gLbBRyS7MBrmVUNce91Hmx9vzqI.jpg,en,The Godfather: Part II,80,The Godfather: Part II,8.5,In the continuing saga of the Corleone crime family, a young Vito Corleone grows up in Sicily and in 1910s New York. In the 1950s, Michael Corleone attempts to expand the family business into Las Vegas, Hollywood and Cuba.,27-04-0026
27.498,8095,false,/oRvMaJOmapypFUcQqpgHMZA6qL9.jpg,129,false,/mnpRKVSXBX6jb56nabvmGKA0Wig.jpg,ja,????????,16,Spirited Away,8.5,A young girl, Chihiro, becomes trapped in a strange new world of spirits. When her parents undergo a mysterious transformation, she must call upon the courage she never knew she had to free her family.,22-12-0025
16.059,9067,false,/sOHqdY1RnSn6kcfAHKu28jvTebE.jpg,497,false,/Rlt20sEbOQKPVjia7lUilFm49W.jpg,en,The Green Mile,14,The Green Mile,8.5,A supernatural tale set on death row in a Southern prison, where gentle giant John Coffey possesses the mysterious power to heal people's ailments. When the cell block's head guard, Paul Edgecomb, recognizes Coffey's miraculous gift, he tries desperately to help stave off the condemned man's execution.,21-05-0016
36.244,16710,false,/dM2w364MScsjFf8pfMbaWUcWrR.jpg,680,false,/4cDFJr4HnXN5AdPw4AKrmLlMWdO.jpg,en,Pulp Fiction,80,Pulp Fiction,8.5,A burger-loving hit man, his philosophical partner, a drug-addled gangster's moll and a washed-up boxer converge in this sprawling, comedic crime caper. Their adventures unfurl in three stories that ingeniously trip back and forth in time.,15-02-0016
19.353,7833,false,/f7DImXDebOs148U4uPjI61iDvaK.jpg,637,false,/bORe0eI72D874TMawOOFvqWS6Xe.jpg,it,La vita è bella,35,Life Is Beautiful,8.5,A touching story of an Italian book seller of Jewish ancestry who lives in his own little fairy tale. His creative and happy life would come to an abrupt halt when his entire family is deported to a concentration camp during World War II. While locked up he tries to convince his son that the whole thing is just a game.,20-05-0026
68.673,251,false,/q125RHUDgR4gjwh1QkfYuJLYkL.jpg,508965,false,/mlxKite1x1PgmIhJgAxNS9eHmH8.jpg,en,Klaus,12,Klaus,8.4,When Jesper distinguishes himself as the Postal Academy's worst student, he is sent to Smeerensburg, a small village located on a icy island above the Arctic Circle, where grumpy inhabitants barely exchange words, let alone letters. Jesper is about to give up and abandon his duty as a postman when he meets local teacher Alva and Klaus, a mysterious carpenter who lives alone in a cabin full of handmade toys.,12-05-0014
27.296,16172,false,/yE5d3BUhE8hCnkMUJOo1QDoOGNz.jpg,13,false,/wMgbnUVS9wbRGAdki8fqxKU1O0N.jpg,en,Forrest Gump,35,Forrest Gump,8.4,A man with a low IQ has accomplished great things in his life and been present during significant historic events?in each case, far exceeding what anyone imagined he could do. But despite all he has achieved, his one true love eludes him.,15-12-0011
40.352,20293,false,/pKKvCaL1TPTVtbI6EeliyND3api.jpg,155,false,/hqkIcbrOHL86UncnHIsHVcVmzue.jpg,en,The Dark Knight,28,The Dark Knight,8.4,Batman raises the stakes in his war on crime. With the help of Lt. Jim Gordon and District Attorney Harvey Dent, Batman sets out to dismantle the remaining criminal organizations that plague the streets. The partnership proves to be effective, but they soon find themselves prey to a reign of chaos unleashed by a rising criminal mastermind known to the terrified citizens of Gotham as the Joker.,29-12-0021
18.526,2493,false,/x733R4ISI0RbKeHhVkXdTMFmTFr.jpg,311,false,/vnT6HzjLSDrAweHn9xWykb8Ii6T.jpg,en,Once Upon a Time in America,80,Once Upon a Time in America,8.4,A former Prohibition-era Jewish gangster returns to the Lower East Side of Manhattan over thirty years later, where he once again must confront the ghosts and regrets of his old life.,04-10-0028
39.391,14141,false,/rCzpDGLbOoPwLjy3OAm5NUPOTrC.jpg,122,false,/8BPZO0Bf8TeAy8znF43z8soK3ys.jpg,en,The Lord of the Rings: The Return of the King,28,The Lord of the Rings: The Return of the King,8.4,Aragorn is revealed as the heir to the ancient kings as he, Gandalf and the other members of the broken fellowship struggle to save Gondor from Sauron's forces. Meanwhile, Frodo and Sam take the ring closer to the heart of Mordor, the dark lord's realm.,26-05-0007
33.877,17526,false,/adw6Lq9FiC9zjYEpOqfq03ituwp.jpg,550,false,/mMZRKb3NVo5ZeSPEIaNW9buLWQ0.jpg,en,Fight Club,18,Fight Club,8.4,A ticking-time-bomb insomniac and a slippery soap salesman channel primal male aggression into a shocking new form of therapy. Their concept catches on, with underground "fight clubs" forming in every town, until an eccentric gets in the way and ignites an out-of-control spiral toward oblivion.,21-03-0021
26.667,6242,false,/pwpGfTImTGifEGgLb3s6LRPd4I6.jpg,769,false,/sw7mordbZxgITU877yTpZCud90M.jpg,en,GoodFellas,80,GoodFellas,8.4,The true story of Henry Hill, a half-Irish, half-Sicilian Brooklyn kid who is adopted by neighbourhood gangsters at an early age and climbs the ranks of a Mafia family under the guidance of Jimmy Conway.,11-02-0018
46.115,5692,false,/iiZZdoQBEYBv6id8su7ImL0oCbD.jpg,324857,false,/uUiId6cG32JSRI6RyBQSvQtLjz2.jpg,en,Spider-Man: Into the Spider-Verse,28,Spider-Man: Into the Spider-Verse,8.4,Miles Morales is juggling his life between being a high school student and being a spider-man. When Wilson "Kingpin" Fisk uses a super collider, others from across the Spider-Verse are transported to this dimension.,09-06-0012
25.352,5504,false,/81d8oyEFgj7FlxJqSDXWr8JH8kV.jpg,539,false,/3md49VBCeqY6MSNyAVY6d5eC6bA.jpg,en,Psycho,18,Psycho,8.4,When larcenous real estate clerk Marion Crane goes on the lam with a wad of cash and hopes of starting a new life, she ends up at the notorious Bates Motel, where manager Norman Bates cares for his housebound mother. The place seems quirky, but fine? until Marion decides to take a shower.,12-10-0021
9.403,270,false,/cnMOaDouZek6l7BcydVBrBlWegi.jpg,24188,false,/sNjjEyEX86INsiFCEzvLyGEWJSN.jpg,it,Il sorpasso,35,Il Sorpasso,8.3,Roberto, a shy law student in Rome, meets Bruno, a forty-year-old exuberant, capricious man, who takes him for a drive through the Roman and Tuscany countries in the summer. Along the way, they end up knowing each other and entering each other's lives. A twist at the end puts everything into perspective.,15-04-0010
36.887,11589,false,/8zw8IL4zEPjkh8Aysdcd0FwGMb0.jpg,807,false,/A0WKbRIojF9DUWG4XLCmg5JK6I5.jpg,en,Se7en,80,Se7en,8.3,Two homicide detectives are on a desperate hunt for a serial killer whose crimes are based on the "seven deadly sins" in this dark and haunting film that takes viewers from the tortured remains of one victim to the next. The seasoned Det. Sommerset researches each sin in an effort to get inside the killer's mind, while his novice partner, Mills, scoffs at his efforts to unravel the case.,16-02-0028
14.737,1906,false,/7uoiKOEjxBBW0AgDGQWrlfGQ90w.jpg,3082,false,/s58uDwuyVMqgsbmnfyrbpfF147.jpg,en,Modern Times,35,Modern Times,8.3,The Tramp struggles to live in modern industrial society with the help of a young homeless woman.,21-05-0010
42.616,23732,false,/qmDpIHrmpJINaRKAfWQfftjCdyi.jpg,27205,false,/s2bT29y0ngXxxu2IA8AOzzXTRhd.jpg,en,Inception,28,Inception,8.3,Cobb, a skilled thief who commits corporate espionage by infiltrating the subconscious of his targets is offered a chance to regain his old life as payment for a task considered to be impossible: "inception", the implantation of another person's idea into a target's subconscious.,30-12-0020
19.18,1420,false,/wvzfK5QR6dGLwND8MCzWjsQWG4Q.jpg,290098,false,/499Bcxa6mwZcNLcP7XpS6oS3o4A.jpg,ko,???,18,The Handmaiden,8.3,1930s Korea, in the period of Japanese occupation, a young woman is hired as a handmaiden to a Japanese heiress who lives a secluded life on a large countryside estate with her domineering uncle. But, the maid has a secret: she is a pickpocket recruited by a swindler posing as a Japanese count to help him seduce the heiress to elope with him, rob her of her fortune, and lock her up in a madhouse. The plan seems to proceed according to plan until the women discover some unexpected emotions.,07-12-0006
8.37,246,false,/tgNjemQPG96uIezpiUiXFcer5ga.jpg,12493,false,/u5OL2pXswNjZq21jXylOsuefULH.jpg,ja,?????,80,High and Low,8.3,An executive of a shoe company becomes a victim of extortion when his chauffeur's son is kidnapped and held for ransom.,15-07-0006
25.299,4735,false,/7BsvSuDQuoqhWmU2fL7W2GOcZHU.jpg,490132,false,/78PjwaykLY2QqhMfWRDvmfbC6EV.jpg,en,Green Book,35,Green Book,8.3,Tony Lip, a bouncer in 1962, is hired to drive pianist Don Shirley on a tour through the Deep South in the days when African Americans, forced to find alternate accommodations and services due to segregation laws below the Mason-Dixon Line, relied on a guide called The Negro Motorist Green Book.,11-05-0022
15.029,822,false,/lUE0Bp7wH0EterJ44qMRsqtKFnp.jpg,1398,false,/m7yrs7Sw5WpUNJdqDjEhkNJVpxt.jpg,ru,???????,18,Stalker,8.3,Near a gray and unnamed city is the Zone, a place guarded by barbed wire and soldiers, and where the normal laws of physics are victim to frequent anomalies. A stalker guides two men into the Zone, specifically to an area in which deep-seated desires are granted.,31-08-0021
6.161,9207,false,/qjAyTj2BSth1EQ89vNfo0JYVPFN.jpg,274,false,/pzmrKXQgL7GEZvigD6W1bUEzXJN.jpg,en,The Silence of the Lambs,80,The Silence of the Lambs,8.3,Clarice Starling is a top student at the FBI's training academy. Jack Crawford wants Clarice to interview Dr. Hannibal Lecter, a brilliant psychiatrist who is also a violent psychopath, serving life behind bars for various acts of murder and cannibalism. Crawford believes that Lecter may have insight into a case and that Starling, as an attractive young woman, may be just the bait to draw him out.,15-07-0006
31.745,13379,false,/5VTN0pR8gcqV3EPUHHfMGnJYN9L.jpg,121,false,/dG4BmM32XJmKiwopLDQmvXEhuHB.jpg,en,The Lord of the Rings: The Two Towers,28,The Lord of the Rings: The Two Towers,8.3,Frodo and Sam are trekking to Mordor to destroy the One Ring of Power while Gimli, Legolas and Aragorn search for the orc-captured Merry and Pippin. All along, nefarious wizard Saruman awaits the Fellowship members at the Orthanc Tower in Isengard.,24-05-0024
8.409,310,false,/f5OxD8Nl0pR3DcYHtYhHRfpsmjl.jpg,24382,false,/tzbBAsLzX3n0GcAK7KEwnSvlDrT.jpg,it,I soliti ignoti,35,Big Deal on Madonna Street,8.3,Best friends Peppe and Mario are thieves, but they're not very good at it. Still, Peppe thinks that he's finally devised a master heist that will make them rich. With the help of some fellow criminals, he plans to dig a tunnel from a rented apartment to the pawnshop next door, where they can rob the safe. But his plan is far from foolproof, and the fact that no one in the group has any experience digging tunnels proves to be the least of their problems.,10-10-0011
21.231,5596,false,/tcNniniS4rfqrLH0oORikJfnIwY.jpg,398818,false,/8ndqvvwDVe9oDUQF1Jt6NCjAn7z.jpg,en,Call Me by Your Name,18,Call Me by Your Name,8.3,Elio Perlman is spending the summer with his family at their vacation home in Lombardy, Italy. When his father hires a handsome doctoral student, the curious 17-year-old finds himself developing a growing attraction to the young man.,10-03-0007
9.936,374,false,/8MYIwgpXnc5x98dmidmJFD68MY6.jpg,25237,false,/1RKpaOeY60gCNbkW2xGBrXYkZUg.jpg,ru,??? ? ??????,18,Come and See,8.3,The invasion of a village in Byelorussia by German forces sends young Florya into the forest to join the weary Resistance fighters, against his family's wishes. There he meets a girl, Glasha, who accompanies him back to his village. On returning home, Florya finds his family and fellow peasants massacred. His continued survival amidst the brutal debris of war becomes increasingly nightmarish, a battle between despair and hope.,06-12-0006
19.281,2239,false,/3RymloPYcEPx30T1vTrz2cXaVnh.jpg,335,false,/sNaQWTsQFfdhjKweXbgjSHKZ8YS.jpg,it,C'era una volta il West,37,Once Upon a Time in the West,8.3,A widow whose land and life are in danger as the railroad is getting closer and closer to taking them over. A mysterious harmonica player joins forces with a desperado to protect the woman and her land.,21-04-0027
9.263,741,false,/wJUJROdLOtOzMixkjkx1aaZGSLl.jpg,455661,false,/6DwR9kIUvsWq434d7NFLWroHTdI.jpg,en,In a Heartbeat,16,In a Heartbeat,8.3,A closeted boy runs the risk of being outed by his own heart after it pops out of his chest to chase down the boy of his dreams.,08-12-0006
84.099,15871,false,/7WsyChQLEftFiDOVTGkv3hFpyyt.jpg,299536,false,/bOGkgRGdhrBYJSLpXaxhXVstddV.jpg,en,Avengers: Infinity War,28,Avengers: Infinity War,8.3,As the Avengers and their allies have continued to protect the world from threats too large for any one hero to handle, a new danger has emerged from the cosmic shadows: Thanos. A despot of intergalactic infamy, his goal is to collect all six Infinity Stones, artifacts of unimaginable power, and use them to inflict his twisted will on all of reality. Everything the Avengers have fought for has led up to this moment - the fate of Earth and existence itself has never been more uncertain.,09-10-0030
14.108,1257,false,/drlyoSKDOPnxzJFrRWGqzDsyJvR.jpg,378064,false,/q5HZvtyqG8Vz39Ee9uTQbLeEml.jpg,ja,???,16,A Silent Voice,8.3,Shouya Ishida starts bullying the new girl in class, Shouko Nishimiya, because she is deaf. But as the teasing continues, the rest of the class starts to turn on Shouya for his lack of compassion. When they leave elementary school, Shouko and Shouya do not speak to each other again... until an older, wiser Shouya, tormented by his past behaviour, decides he must see Shouko once more. He wants to atone for his sins, but is it already too late...?,09-03-0023
42.756,20099,false,/nBNZadXqJSdt05SHLqgT0HuC5Gm.jpg,157336,false,/xu9zaAevzQ5nnrsXN6JcahLnG4i.jpg,en,Interstellar,12,Interstellar,8.3,Interstellar chronicles the adventures of a group of explorers who make use of a newly discovered wormhole to surpass the limitations on human space travel and conquer the vast distances involved in an interstellar voyage.,07-05-0011
17.878,837,false,/2icwBom0t5nmOuZI9FVXF3gkMK0.jpg,470044,false,/5AijK8OxcTzuT8z6aEcc3kO96eG.jpg,en,The Hate U Give,80,The Hate U Give,8.3,Raised in a poverty-stricken slum, a 16-year-old girl named Starr now attends a suburban prep school. After she witnesses a police officer shoot her unarmed best friend, she's torn between her two very different worlds as she tries to speak her truth.,09-04-0025
15.875,932,false,/drgMcyTsySQBnUPGaBThCHGdlWT.jpg,10098,false,/wEo4UtBAWdB4aOmQ9wRjI1aS7Dt.jpg,en,The Kid,35,The Kid,8.3,Considered one of Charlie Chaplin's best films, The Kid also made a star of little Jackie Coogan, who plays a boy cared for by The Tramp after he's abandoned, as a newborn, by his mother. The mother later has a change of heart and aches to be reunited with her son.,06-05-0011
34.121,11223,false,/sKCr78MXSLixwmZ8DyJLrpMsd15.jpg,8587,false,/kZ9CKeZeKMUtrjZ7RuArjVMTDF4.jpg,en,The Lion King,16,The Lion King,8.2,A young lion prince is cast out of his pride by his cruel uncle, who claims he killed his father. While the uncle rules with an iron paw, the prince grows up beyond the Savannah, living by a philosophy: No worries for the rest of your days. But when his past comes to haunt him, the young prince must decide his fate: Will he remain an outcast or face his demons and become what he needs to be?,14-10-0012
24.093,4334,false,/jcvJ2xcVWU9Wh0hZAxcs103s8nN.jpg,28,false,/fTuOyNf8GO6R9EthS7v9ZqokNMN.jpg,en,Apocalypse Now,18,Apocalypse Now,8.2,At the height of the Vietnam war, Captain Benjamin Willard is sent on a dangerous mission that, officially, "does not exist, nor will it ever exist." His goal is to locate - and eliminate - a mysterious Green Beret Colonel named Walter Kurtz, who has been leading his personal army on illegal guerrilla missions into enemy territory.,30-12-0020
14.42,1035,false,/ihLPR2hiHljvvdTzHk6NeNTVMXf.jpg,5156,false,/vyz8ZJpATpxWCvYe5caZyzdn9Zq.jpg,it,Ladri di biciclette,18,Bicycle Thieves,8.2,Antonio, an unemployed man in the depressed post-WWII economy of Italy, at last finds a good job hanging up posters, the only requirement for which is that he must have his own bicycle. When Antonio?s bicycle is stolen, he and his son are forced to walk the streets of Rome in search of it, or else face ruin.,02-03-0030
24.013,11878,false,/pTpxQB1N0waaSc3OSn0e9oc8kx9.jpg,105,false,/x4N74cycZvKu5k3KDERJay4ajR3.jpg,en,Back to the Future,12,Back to the Future,8.2,Eighties teenager Marty McFly is accidentally sent back in time to 1955, inadvertently disrupting his parents' first meeting and attracting his mother's romantic interest. Marty must repair the damage to history by rekindling his parents' romance and - with the help of his eccentric inventor friend Doc Brown - return to 1985.,05-12-0008
19.068,10642,false,/4mFsNQwbD0F237Tx7gAPotd0nbJ.jpg,77338,false,/ihWaJZCUIon2dXcosjQG2JHJAPN.jpg,fr,Intouchables,35,The Intouchables,8.2,A true story of two men who should never have met ? a quadriplegic aristocrat who was injured in a paragliding accident and a young man from the projects.,03-05-0008
12.122,1001,false,/8nrQKQjD6z0SJouKHQapXzmjFc6.jpg,284,false,/vF4d4hAKMcrDE4Y6zLwUSijp32g.jpg,en,The Apartment,35,The Apartment,8.2,Bud Baxter is a minor clerk in a huge New York insurance company, until he discovers a quick way to climb the corporate ladder. He lends out his apartment to the executives as a place to take their mistresses. Although he often has to deal with the aftermath of their visits, one night he's left with a major problem to solve.,11-10-0020
17.466,4362,false,/ouYgAatYH4JzIThj6FI3UYf31RI.jpg,406997,false,/4rsrxYDfIzvtAsIE9wevxPRXAk4.jpg,en,Wonder,18,Wonder,8.2,The story of August Pullman ? a boy with facial differences ? who enters fifth grade, attending a mainstream elementary school for the first time.,10-05-0019
20.561,2161,false,/bSqt9rhDZx1Q7UZ86dBPKdNomp2.jpg,1585,false,/nMomMy1sD3SN2QsKop3zBXCJfDJ.jpg,en,It's a Wonderful Life,18,It's a Wonderful Life,8.2,A holiday favourite for generations...  George Bailey has spent his entire life giving to the people of Bedford Falls.  All that prevents rich skinflint Mr. Potter from taking over the entire town is George's modest building and loan company.  But on Christmas Eve the business's $8,000 is lost and George's troubles begin.,30-03-0026
25.843,4093,false,/rIZX6X0MIHYEebk6W4LABT9VP2c.jpg,670,false,/cne1AaNoVPHOEUiwcdS7sSo1uJ5.jpg,ko,????,28,Oldboy,8.2,With no clue how he came to be imprisoned, drugged and tortured for 15 years, a desperate businessman seeks revenge on his captors.,24-02-0034
20.279,2795,false,/obhM86qyv8RsE69XSMTtT9FdE0b.jpg,426,false,/c7iSbhSffDkM2yf5cg3D91FuVga.jpg,en,Vertigo,9648,Vertigo,8.2,A retired San Francisco detective suffering from acrophobia investigates the strange activities of an old friend's wife, all the while becoming dangerously obsessed with her.,09-09-0014
15.277,970,false,/5pQlc8dp5dXzWg1yM70DZrsDpOl.jpg,422,false,/cdccKL6nLs21Ak27BWpryPrxqie.jpg,it,8?,18,8?,8.2,Guido Anselmi, a film director, finds himself creatively barren at the peak of his career. Urged by his doctors to rest, Anselmi heads for a luxurious resort, but a sorry group gathers?his producer, staff, actors, wife, mistress, and relatives?each one begging him to get on with the show. In retreat from their dependency, he fantasizes about past women and dreams of his childhood.,17-06-0019
10.409,1212,false,/rwPgE6fLxuJmPWi8fFjgENJMAjr.jpg,538362,false,/lpuehRS74pgVYIQ6ZQ2fIAaoAvo.jpg,it,Sulla mia pelle,18,On My Skin,8.2,The incredible true story behind the most controversial Italian court cases in recent years. Stefano Cucchi was arrested for a minor crime and mysteriously found dead during his detention. In one week's time, a family is changed forever.,08-02-0035
9.045,1370,false,/56sq57kDm7XgyXBYrgJLumo0Jac.jpg,339877,false,/adFgBkl35kdI0bSrWZO2xury1JB.jpg,en,Loving Vincent,16,Loving Vincent,8.2,The film brings the paintings of Vincent van Gogh to life to tell his remarkable story. Every one of the 65,000 frames of the film is an oil-painting hand-painted by 125 professional oil-painters who travelled from all across the world to the Loving Vincent studios in Poland and Greece to be a part of the production. As remarkable as Vincent?s brilliant paintings are his passionate and ill-fated life and mysterious death.,08-12-0027
11.436,1154,false,/rDMxjCYEVnvLC4nsBpB6wjL0LDy.jpg,110420,false,/1Y66fi0srOb0ijAOg069DXriD3S.jpg,ja,???????????,16,Wolf Children,8.2,After her werewolf lover unexpectedly dies in an accident, a woman must find a way to raise the son and daughter that she had with him. However, their inheritance of their father's traits prove to be a challenge for her.,02-01-0027
13.157,1298,false,/iJXSumDrz64AvmFZaHHNBGDO1ex.jpg,490,false,/d9VUlRTovsGbwkUjNR2OGOGrQuO.jpg,sv,Det sjunde inseglet,18,The Seventh Seal,8.2,When disillusioned Swedish knight Antonius Block returns home from the Crusades to find his country in the grips of the Black Death, he challenges Death to a chess match for his life. Tormented by the belief that God does not exist, Block sets off on a journey, meeting up with traveling players Jof and his wife, Mia, and becoming determined to evade Death long enough to commit one redemptive act while he still lives.,10-06-0021
13.626,1286,false,/qriaeUUwdmlgethK3aSAx68mG05.jpg,19,false,/gmH0N0bdlYGN1EUr8U2cMQYyg78.jpg,de,Metropolis,18,Metropolis,8.2,In a futuristic city sharply divided between the working class and the city planners, the son of the city's mastermind falls in love with a working class prophet who predicts the coming of a savior to mediate their differences.,11-04-0015
15.088,750,false,/6numIZH6uR3NlJgY9m7nGH0jhs.jpg,705,false,/gt7HbwIA5xS1s8jrjy18t3Pfnvz.jpg,en,All About Eve,18,All About Eve,8.2,From the moment she glimpses her idol at the stage door, Eve Harrington is determined to take the reins of power away from the great actress Margo Channing. Eve maneuvers her way into Margo's Broadway role, becomes a sensation and even causes turmoil in the lives of Margo's director boyfriend, her playwright and his wife. Only the cynical drama critic sees through Eve, admiring her audacity and perfect pattern of deceit.,01-02-0012
9.791,338,false,/1G9r3rqtbFAQuyWKOZm4Y5J5s7Q.jpg,992,false,/l3RiIjaN1peXQ2lAwnpF33Xb5R0.jpg,en,Sherlock, Jr.,28,Sherlock, Jr.,8.2,A film projectionist longs to be a detective, and puts his meagre skills to work when he is framed by a rival for stealing his girlfriend's father's pocketwatch.,07-07-0026
21.275,6080,false,/jgJoRWltoS17nD5MAQ1yK2Ztefw.jpg,629,false,/c7e3nH3wtSBDrHRB63onrGptl6D.jpg,en,The Usual Suspects,80,The Usual Suspects,8.2,Held in an L.A. interrogation room, Verbal Kint attempts to convince the feds that a mythic crime lord, Keyser Soze, not only exists, but was also responsible for drawing him and his four partners into a multi-million dollar heist that ended with an explosion in San Pedro harbor ? leaving few survivors. Verbal lures his interrogators with an incredible story of the crime lord's almost supernatural prowess.,15-12-0024
6.312,257,false,/82KeyiTv5lyfz4K2KzokXJrn7kR.jpg,38288,false,/y1YrEQazmKcEKgMi4w0JqxxssGX.jpg,it,I Corti,,I Corti,8.2,The shorts of Aldo , Giovanni &amp; Giacomo was the first theatrical show of the trio of comedians Aldo , Giovanni &amp; Giacomo , with the participation of Marina Massironi .  The show is the son of the fortunate trio 's holdings in television as Mai dire Gol, and shows such as The Circus by Paolo Rossi and on the head !  The short was recorded live at the Teatro Nuovo in Ferrara on 28 and 29 March 1996. Produced by Agidi , the theater director is entrusted to the change artist Arturo Brachetti .,19-06-0006
